id,cl,la,x,y,col_4,val_4,col_9,val_9
57,0.250264287989549,0.956421270140833,-60.5,4.5,green,0.25,orange,0.75
96,0.732759070053755,0.513406966508335,-63.5,3.5,red,1,green,0.375
97,0.80359342578343,0.305001928619113,-62.5,3.5,orange,0.75,dark green,0.875
98,0.934887253283041,0.772700221041843,-61.5,3.5,red,1,red,1
99,0.557580367502523,0.675847521119437,-60.5,3.5,red,1,green,0.375
108,0.089892146598511,0.572340928662557,-51.5,3.5,green,0.25,cyan,0.125
138,0.401944101857156,0.881642317592281,-63.5,2.5,green,0.25,orange,0.75
139,0.315458936329369,0.61657883444476,-62.5,2.5,green,0.25,green,0.375
140,0.217302326651174,0.741672984195027,-61.5,2.5,green,0.25,cyan,0.125
141,0.38445000267035,0.668665191481952,-60.5,2.5,green,0.25,green,0.375
149,0.194191384970353,0.946206494905473,-52.5,2.5,green,0.25,yellow,0.625
150,0.711830274182041,0.64645352804575,-51.5,2.5,red,1,green,0.375
174,0.570030243777366,0.638081469394191,-69.5,1.5,red,1,green,0.375
175,0.462573970927151,0.405365664556763,-68.5,1.5,blue,0,green,0.375
176,0.382008523207762,0.992879066511431,-67.5,1.5,green,0.25,orange,0.75
180,0.320478243522748,0.71263117146245,-63.5,1.5,green,0.25,green,0.375
181,0.772290560839588,0.880763221164613,-62.5,1.5,red,1,red,1
182,0.0664800308647436,0.511323183590037,-61.5,1.5,green,0.25,cyan,0.125
183,0.714655689304848,0.471522340911711,-60.5,1.5,orange,0.75,green,0.375
184,0.660098373721746,0.629265602655603,-59.5,1.5,red,1,green,0.375
186,0.623779716124677,0.879439966358579,-57.5,1.5,red,1,orange,0.75
187,0.168791199346314,0.936954097357632,-56.5,1.5,green,0.25,yellow,0.625
188,0.460158990131729,0.76443408360899,-55.5,1.5,green,0.25,orange,0.75
189,0.392426102174728,0.932423567816818,-54.5,1.5,green,0.25,orange,0.75
190,0.179804873258037,0.515253590460134,-53.5,1.5,green,0.25,cyan,0.125
191,0.615797823345272,0.604549532762646,-52.5,1.5,red,1,green,0.375
192,0.336041151964432,0.636476709378395,-51.5,1.5,green,0.25,green,0.375
193,0.296025233011915,0.832687169249383,-50.5,1.5,green,0.25,orange,0.75
216,0.352351847838652,0.362471869590612,-69.5,0.5,blue,0,green,0.375
217,0.238533223531297,0.48970820012526,-68.5,0.5,blue,0,cyan,0.125
218,0.702236898744438,0.583299929309674,-67.5,0.5,red,1,green,0.375
219,0.145260594957321,0.485163352163158,-66.5,0.5,blue,0,cyan,0.125
220,0.177882210557613,0.345359886376459,-65.5,0.5,blue,0,cyan,0.125
221,0.437438741013382,0.583750261161461,-64.5,0.5,green,0.25,green,0.375
222,0.39872985853374,0.703116205301497,-63.5,0.5,green,0.25,green,0.375
223,0.635079996795642,0.640935733115022,-62.5,0.5,red,1,green,0.375
224,0.289082607115788,0.482181706485036,-61.5,0.5,blue,0,green,0.375
225,0.389973968413146,0.564935973293825,-60.5,0.5,green,0.25,green,0.375
226,0.709164804100479,0.557589524269122,-59.5,0.5,red,1,green,0.375
227,0.936111372944051,0.917639331361582,-58.5,0.5,red,1,red,1
228,0.602263818038678,0.878560855937884,-57.5,0.5,red,1,orange,0.75
229,0.805550036458003,0.878640875699896,-56.5,0.5,red,1,red,1
230,0.226232501585463,0.847302567667548,-55.5,0.5,green,0.25,yellow,0.625
231,0.480814220089142,0.841567976663724,-54.5,0.5,green,0.25,orange,0.75
232,0.276642912438462,0.804162132666788,-53.5,0.5,green,0.25,orange,0.75
233,0.943758446134078,0.472982294321461,-52.5,0.5,orange,0.75,dark green,0.875
234,0.126362257831818,0.856598021089263,-51.5,0.5,green,0.25,yellow,0.625
235,0.595872965953739,0.819048136307195,-50.5,0.5,red,1,orange,0.75
258,0.727520999737574,0.670580920465646,-69.5,-0.5,red,1,green,0.375
259,0.461822989688947,0.449917367020114,-68.5,-0.5,blue,0,green,0.375
260,0.04596937524459,0.870581421042423,-67.5,-0.5,green,0.25,yellow,0.625
261,0.589359444060539,0.875641734987544,-66.5,-0.5,red,1,orange,0.75
262,0.392088211257433,0.777247824575331,-65.5,-0.5,green,0.25,orange,0.75
263,0.480849274705595,0.924960445679695,-64.5,-0.5,green,0.25,orange,0.75
264,0.589456912492285,0.5192827798467,-63.5,-0.5,red,1,green,0.375
265,0.416962203889558,0.89267930651875,-62.5,-0.5,green,0.25,orange,0.75
266,0.37149101421304,0.360397290514353,-61.5,-0.5,blue,0,green,0.375
267,0.464311317389194,0.773557902985439,-60.5,-0.5,green,0.25,orange,0.75
268,0.660474380122751,0.706188663447841,-59.5,-0.5,red,1,green,0.375
269,0.293558206495258,0.600998021368793,-58.5,-0.5,green,0.25,green,0.375
270,0.238198371343629,0.938779045819853,-57.5,-0.5,green,0.25,yellow,0.625
271,0.26993534276063,0.357754517438251,-56.5,-0.5,blue,0,green,0.375
272,0.677182912829004,0.8396042064207,-55.5,-0.5,red,1,orange,0.75
273,0.775773555812443,0.961874817667626,-54.5,-0.5,red,1,red,1
274,0.760139886770869,0.894994634633913,-53.5,-0.5,red,1,red,1
275,0.330186400948269,0.850176078905176,-52.5,-0.5,green,0.25,orange,0.75
276,0.219125631458162,0.643117969966485,-51.5,-0.5,green,0.25,cyan,0.125
277,0.839862312225645,0.922697750404222,-50.5,-0.5,red,1,red,1
278,0.369960729137167,0.625178487748861,-49.5,-0.5,green,0.25,green,0.375
279,0.144055008935474,0.372371045905184,-48.5,-0.5,blue,0,cyan,0.125
301,0.0752039319416289,0.770809175297035,-68.5,-1.5,green,0.25,yellow,0.625
302,0.114930318516371,0.716786234939797,-67.5,-1.5,green,0.25,cyan,0.125
303,0.660253149889072,0.77612839933326,-66.5,-1.5,red,1,orange,0.75
304,0.52057945818327,0.96634918034077,-65.5,-1.5,red,1,orange,0.75
305,0.335028521082454,0.906020671029696,-64.5,-1.5,green,0.25,orange,0.75
306,0.247570473527172,0.928961899989858,-63.5,-1.5,green,0.25,yellow,0.625
307,0.544549878450415,0.501344163453796,-62.5,-1.5,red,1,green,0.375
308,0.523259814340899,0.410667064422417,-61.5,-1.5,orange,0.75,green,0.375
309,0.964850919611476,0.540829959715506,-60.5,-1.5,red,1,dark green,0.875
310,0.715758789703342,0.773739790828669,-59.5,-1.5,red,1,orange,0.75
311,0.47639454498779,0.794001500067789,-58.5,-1.5,green,0.25,orange,0.75
312,0.799989988423836,0.499535286934015,-57.5,-1.5,orange,0.75,dark green,0.875
313,0.770773576952417,0.657852297071598,-56.5,-1.5,red,1,dark green,0.875
314,0.753844805470614,0.456867282277244,-55.5,-1.5,orange,0.75,dark green,0.875
315,0.396194544696342,0.624819656339216,-54.5,-1.5,green,0.25,green,0.375
316,0.305129304023314,0.559342517599571,-53.5,-1.5,green,0.25,green,0.375
317,0.584530086476722,0.415185141575126,-52.5,-1.5,orange,0.75,green,0.375
318,0.810271598349483,0.633828630911242,-51.5,-1.5,red,1,dark green,0.875
319,0.679095574999487,0.791605123745257,-50.5,-1.5,red,1,orange,0.75
320,0.389037878567267,0.392979615962562,-49.5,-1.5,blue,0,green,0.375
321,0.0967777456703653,0.814220886414485,-48.5,-1.5,green,0.25,yellow,0.625
322,0.246279773303748,0.727171710991477,-47.5,-1.5,green,0.25,cyan,0.125
323,0.611106273382775,0.687131293503665,-46.5,-1.5,red,1,green,0.375
324,0.296631446572065,0.756908129549512,-45.5,-1.5,green,0.25,orange,0.75
342,0.89060925309023,0.893342549454557,-69.5,-2.5,red,1,red,1
343,0.908474166710931,0.745940823926708,-68.5,-2.5,red,1,dark green,0.875
344,0.605738112763264,0.747354866686842,-67.5,-2.5,red,1,green,0.375
345,0.546916458007308,0.715523338605896,-66.5,-2.5,red,1,green,0.375
346,0.842875888587684,0.805768510425031,-65.5,-2.5,red,1,red,1
347,0.546724627395841,0.78915588841129,-64.5,-2.5,red,1,orange,0.75
348,0.170094429658781,0.924884874168776,-63.5,-2.5,green,0.25,yellow,0.625
349,0.608042699829848,0.776074974145208,-62.5,-2.5,red,1,orange,0.75
350,0.881937734090586,0.636828299585396,-61.5,-2.5,red,1,dark green,0.875
351,0.76670490357662,0.973224178752322,-60.5,-2.5,red,1,red,1
352,0.928276012361344,0.636949853080032,-59.5,-2.5,red,1,dark green,0.875
353,0.75365660457839,0.9482693133905,-58.5,-2.5,red,1,red,1
354,0.58278102645836,0.867826092907272,-57.5,-2.5,red,1,orange,0.75
355,0.286823756682393,0.869622766472829,-56.5,-2.5,green,0.25,orange,0.75
356,0.503757700354322,0.578048369304421,-55.5,-2.5,red,1,green,0.375
357,0.84842708334669,0.503804410755049,-54.5,-2.5,red,1,dark green,0.875
358,0.61643468798544,0.880953956836187,-53.5,-2.5,red,1,orange,0.75
359,0.819614394206134,0.269910291049218,-52.5,-2.5,orange,0.75,dark green,0.875
360,0.047788079434289,0.801605800409828,-51.5,-2.5,green,0.25,yellow,0.625
361,0.239859777915016,0.914324138614001,-50.5,-2.5,green,0.25,yellow,0.625
362,0.364569025405112,0.91824252645095,-49.5,-2.5,green,0.25,orange,0.75
363,0.458801279833122,0.606229285380524,-48.5,-2.5,green,0.25,green,0.375
364,0.190031444759226,0.763350480142242,-47.5,-2.5,green,0.25,yellow,0.625
365,0.641778498032744,0.544542630212834,-46.5,-2.5,red,1,green,0.375
366,0.694121869987654,0.758401560890499,-45.5,-2.5,red,1,orange,0.75
367,0.714636828624127,0.884373511058802,-44.5,-2.5,red,1,orange,0.75
368,0.902269996897688,0.946834598196845,-43.5,-2.5,red,1,red,1
384,0.121324836308319,0.391783630592865,-69.5,-3.5,blue,0,cyan,0.125
385,0.461372594436055,0.817620025154433,-68.5,-3.5,green,0.25,orange,0.75
386,0.729639323036062,0.907992368154778,-67.5,-3.5,red,1,orange,0.75
387,0.655087172092072,0.594370973136245,-66.5,-3.5,red,1,green,0.375
388,0.402466924858328,0.56647662970066,-65.5,-3.5,green,0.25,green,0.375
389,0.394030418273417,0.702059131519823,-64.5,-3.5,green,0.25,green,0.375
390,0.199345658403885,0.922052521882314,-63.5,-3.5,green,0.25,yellow,0.625
391,0.827220698376553,0.566381172118144,-62.5,-3.5,red,1,dark green,0.875
392,0.755589114353524,0.709927795785685,-61.5,-3.5,red,1,dark green,0.875
393,0.144233757324502,0.745511699110637,-60.5,-3.5,green,0.25,cyan,0.125
394,0.427871650607606,0.811923957714816,-59.5,-3.5,green,0.25,orange,0.75
395,0.410212965730762,0.826973066128485,-58.5,-3.5,green,0.25,orange,0.75
396,0.821097927318946,0.809932063506706,-57.5,-3.5,red,1,red,1
397,0.585999681875518,0.820304950628099,-56.5,-3.5,red,1,orange,0.75
398,0.59123718552753,0.30042798279887,-55.5,-3.5,orange,0.75,green,0.375
399,0.591955957730141,0.704578771710631,-54.5,-3.5,red,1,green,0.375
400,0.385209223519628,0.784542278466761,-53.5,-3.5,green,0.25,orange,0.75
401,0.409249759212627,0.520979051674869,-52.5,-3.5,green,0.25,green,0.375
402,0.488936400025414,0.773001741671369,-51.5,-3.5,green,0.25,orange,0.75
403,0.58435714787975,0.505780093819709,-50.5,-3.5,red,1,green,0.375
404,0.585074984708322,0.57101509151192,-49.5,-3.5,red,1,green,0.375
405,0.686484351970219,0.868895104320829,-48.5,-3.5,red,1,orange,0.75
406,0.781093068531584,0.881780907498073,-47.5,-3.5,red,1,red,1
407,0.784856156776518,0.774916037774026,-46.5,-3.5,red,1,red,1
408,0.624716151626144,0.7299519926488,-45.5,-3.5,red,1,green,0.375
409,0.848699697273949,0.906451500084916,-44.5,-3.5,red,1,red,1
410,0.83164955906071,0.533756129558947,-43.5,-3.5,red,1,dark green,0.875
411,0.506457396298968,0.400390755504091,-42.5,-3.5,orange,0.75,green,0.375
412,0.155328938246991,0.737319478482131,-41.5,-3.5,green,0.25,cyan,0.125
413,0.407324509859829,0.741911508315178,-40.5,-3.5,green,0.25,green,0.375
414,0.738996328953248,0.909382726973644,-39.5,-3.5,red,1,orange,0.75
424,0.64614001715324,0.97000801388708,-71.5,-4.5,red,1,orange,0.75
425,0.153501265926228,0.958903935261855,-70.5,-4.5,green,0.25,yellow,0.625
426,0.088528749261139,0.517334985731011,-69.5,-4.5,green,0.25,cyan,0.125
427,0.742785466575508,0.494872418172952,-68.5,-4.5,orange,0.75,green,0.375
428,0.217528630079271,0.456944837505631,-67.5,-4.5,blue,0,cyan,0.125
429,0.223655736254591,0.364663084514666,-66.5,-4.5,blue,0,cyan,0.125
430,0.475137143199601,0.62845749696712,-65.5,-4.5,green,0.25,green,0.375
431,0.657842499840964,0.752304825396457,-64.5,-4.5,red,1,orange,0.75
432,0.482117995070984,0.836957393822173,-63.5,-4.5,green,0.25,orange,0.75
433,0.313764357406744,0.864454686501509,-62.5,-4.5,green,0.25,orange,0.75
434,0.0929105776667992,0.745967380843465,-61.5,-4.5,green,0.25,cyan,0.125
435,0.523423504509329,0.505542275836156,-60.5,-4.5,red,1,green,0.375
436,0.570327103264086,0.872876644983609,-59.5,-4.5,red,1,orange,0.75
437,0.13225377630744,0.57207057660378,-58.5,-4.5,green,0.25,cyan,0.125
438,0.39569147439756,0.920879034653412,-57.5,-4.5,green,0.25,orange,0.75
439,0.475597807226555,0.625343381537629,-56.5,-4.5,green,0.25,green,0.375
440,0.481610748218907,0.28484877748983,-55.5,-4.5,blue,0,green,0.375
441,0.357682689836455,0.792995933635332,-54.5,-4.5,green,0.25,orange,0.75
442,0.699715914726952,0.829033231711353,-53.5,-4.5,red,1,orange,0.75
443,0.210467730368575,0.684960799331682,-52.5,-4.5,green,0.25,cyan,0.125
444,0.066898838171904,0.884576366931111,-51.5,-4.5,green,0.25,yellow,0.625
445,0.840681341593437,0.615385646207477,-50.5,-4.5,red,1,dark green,0.875
446,0.845918306283739,0.922225381577209,-49.5,-4.5,red,1,red,1
447,0.523251872247242,0.612748426210569,-48.5,-4.5,red,1,green,0.375
448,0.302496848940095,0.73478214173301,-47.5,-4.5,green,0.25,green,0.375
449,0.185519783966237,0.601256479591381,-46.5,-4.5,green,0.25,cyan,0.125
450,0.420987837353954,0.719760587351036,-45.5,-4.5,green,0.25,green,0.375
451,0.540537606912747,0.831222936003131,-44.5,-4.5,red,1,orange,0.75
452,0.514279287504306,0.957722479448455,-43.5,-4.5,red,1,orange,0.75
453,0.638343101742366,0.864022086056014,-42.5,-4.5,red,1,orange,0.75
454,0.550036756229396,0.458476185859746,-41.5,-4.5,orange,0.75,green,0.375
455,0.552042415014626,0.733049939604799,-40.5,-4.5,red,1,green,0.375
456,0.699101521630117,0.721184159737558,-39.5,-4.5,red,1,green,0.375
457,0.793992683834549,0.706254919424752,-38.5,-4.5,red,1,dark green,0.875
465,0.223069547021868,0.721793425710911,-72.5,-5.5,green,0.25,cyan,0.125
466,0.670382275169597,0.550783237875022,-71.5,-5.5,red,1,green,0.375
467,0.6385056715501,0.681306329812548,-70.5,-5.5,red,1,green,0.375
468,0.384228310814057,0.755407678563271,-69.5,-5.5,green,0.25,orange,0.75
469,0.369738118364312,0.625916848160473,-68.5,-5.5,green,0.25,green,0.375
470,0.723335080368508,0.830648287952315,-67.5,-5.5,red,1,orange,0.75
471,0.374450886785737,0.768190475543757,-66.5,-5.5,green,0.25,orange,0.75
472,0.614227988235958,0.73706330013112,-65.5,-5.5,red,1,green,0.375
473,0.664763056407419,0.51344408163131,-64.5,-5.5,red,1,green,0.375
474,0.719580783675227,0.606257172579048,-63.5,-5.5,red,1,green,0.375
475,0.860296074619498,0.841429342447909,-62.5,-5.5,red,1,red,1
476,0.316741569436675,0.53758160674249,-61.5,-5.5,green,0.25,green,0.375
477,0.860387006542932,0.740597275111378,-60.5,-5.5,red,1,dark green,0.875
478,0.115106493667627,0.525509027107236,-59.5,-5.5,green,0.25,cyan,0.125
479,0.700497396486549,0.577421706675638,-58.5,-5.5,red,1,green,0.375
480,0.546952216014478,0.730638934449871,-57.5,-5.5,red,1,green,0.375
481,0.34934094440526,0.676381556568039,-56.5,-5.5,green,0.25,green,0.375
482,0.805214507720531,0.950740295723407,-55.5,-5.5,red,1,red,1
483,0.67825807959956,0.454248030254093,-54.5,-5.5,orange,0.75,green,0.375
484,0.333709649402644,0.616099725354967,-53.5,-5.5,green,0.25,green,0.375
485,0.26442809759997,0.765713125200798,-52.5,-5.5,green,0.25,orange,0.75
486,0.453870981407768,0.536463304453201,-51.5,-5.5,green,0.25,green,0.375
487,0.503397591082251,0.527644430996442,-50.5,-5.5,red,1,green,0.375
488,0.620186306944185,0.738878080523855,-49.5,-5.5,red,1,green,0.375
489,0.379956262106834,0.810399452356961,-48.5,-5.5,green,0.25,orange,0.75
490,0.637899694460853,0.698621751097991,-47.5,-5.5,red,1,green,0.375
491,0.776323642983347,0.905065694000858,-46.5,-5.5,red,1,red,1
492,0.609162716453393,0.502825645957511,-45.5,-5.5,red,1,green,0.375
493,0.380574578733199,0.866621445897964,-44.5,-5.5,green,0.25,orange,0.75
494,0.514674634273951,0.760037162976639,-43.5,-5.5,red,1,orange,0.75
495,0.217222213044039,0.70150819972668,-42.5,-5.5,green,0.25,cyan,0.125
496,0.700267237825128,0.69867270297896,-41.5,-5.5,red,1,green,0.375
497,0.756365559364967,0.963380652128013,-40.5,-5.5,red,1,red,1
498,0.761754314427982,0.818196305872456,-39.5,-5.5,red,1,red,1
499,0.725741451725912,0.710885152195079,-38.5,-5.5,red,1,green,0.375
500,0.720766703690543,0.811058978572918,-37.5,-5.5,red,1,orange,0.75
501,0.291620329050389,0.500773960799037,-36.5,-5.5,green,0.25,green,0.375
502,0.792713195890247,0.661223596544854,-35.5,-5.5,red,1,dark green,0.875
507,0.684300100093266,0.917027599898981,-72.5,-6.5,red,1,orange,0.75
508,0.636056579556181,0.734160509800059,-71.5,-6.5,red,1,green,0.375
509,0.375556870202958,0.79228695286054,-70.5,-6.5,green,0.25,orange,0.75
510,0.633516996140362,0.937727837616468,-69.5,-6.5,red,1,orange,0.75
511,0.364184879519231,0.935854864295293,-68.5,-6.5,green,0.25,orange,0.75
512,0.87056559299882,0.596648317312131,-67.5,-6.5,red,1,dark green,0.875
513,0.0870284483149124,0.472809776215495,-66.5,-6.5,blue,0,cyan,0.125
514,0.675195158467527,0.396104059192806,-65.5,-6.5,orange,0.75,green,0.375
515,0.619572102355335,0.720348760411139,-64.5,-6.5,red,1,green,0.375
516,0.835335307523302,0.755342199632941,-63.5,-6.5,red,1,red,1
517,0.625745804278703,0.795295858387912,-62.5,-6.5,red,1,orange,0.75
518,0.252228598150778,0.760042626648554,-61.5,-6.5,green,0.25,orange,0.75
519,0.325628480075455,0.869206793805832,-60.5,-6.5,green,0.25,orange,0.75
520,0.419477344770491,0.910366116194926,-59.5,-6.5,green,0.25,orange,0.75
521,0.750157590593625,0.733243492466175,-58.5,-6.5,red,1,dark green,0.875
522,0.295136552670939,0.692818435089832,-57.5,-6.5,green,0.25,green,0.375
523,0.718567544536061,0.769315945394492,-56.5,-6.5,red,1,orange,0.75
524,0.604706386544144,0.87872485511328,-55.5,-6.5,red,1,orange,0.75
525,0.0578160693274674,0.674548021097741,-54.5,-6.5,green,0.25,cyan,0.125
526,0.300202985716301,0.816413416177009,-53.5,-6.5,green,0.25,orange,0.75
527,0.529421250469653,0.753629559352845,-52.5,-6.5,red,1,orange,0.75
528,0.379607275546908,0.788266725754961,-51.5,-6.5,green,0.25,orange,0.75
529,0.686887851240063,0.544048903629608,-50.5,-6.5,red,1,green,0.375
530,0.582525560093251,0.547651119055832,-49.5,-6.5,red,1,green,0.375
531,0.927981986415988,0.683919607581424,-48.5,-6.5,red,1,dark green,0.875
532,0.806396416552525,0.650531788391174,-47.5,-6.5,red,1,dark green,0.875
533,0.621646328684301,0.676907975185482,-46.5,-6.5,red,1,green,0.375
534,0.381935540226595,0.671177455247601,-45.5,-6.5,green,0.25,green,0.375
535,0.364747673608249,0.673672705697126,-44.5,-6.5,green,0.25,green,0.375
536,0.50781552885002,0.601845774682285,-43.5,-6.5,red,1,green,0.375
537,0.752198790467294,0.512986118446092,-42.5,-6.5,red,1,dark green,0.875
538,0.503075128651637,0.623280341419708,-41.5,-6.5,red,1,green,0.375
539,0.226993484277495,0.928922644981547,-40.5,-6.5,green,0.25,yellow,0.625
540,0.281421867122407,0.991170243553028,-39.5,-6.5,green,0.25,orange,0.75
541,0.636275548489591,0.786108855011996,-38.5,-6.5,red,1,orange,0.75
542,0.35123065693865,0.526472576645439,-37.5,-6.5,green,0.25,green,0.375
543,0.497673294257187,0.712995376124816,-36.5,-6.5,green,0.25,green,0.375
544,0.351465634863579,0.897896142738751,-35.5,-6.5,green,0.25,orange,0.75
548,0.397240660394635,0.781010322634278,-73.5,-7.5,green,0.25,orange,0.75
549,0.760170110846787,0.655257308145384,-72.5,-7.5,red,1,dark green,0.875
550,0.352763143329897,0.699678410694172,-71.5,-7.5,green,0.25,green,0.375
551,0.508610810954937,0.914718715980896,-70.5,-7.5,red,1,orange,0.75
552,0.485466758270354,0.779788457610925,-69.5,-7.5,green,0.25,orange,0.75
553,0.200114270101452,0.993907022550079,-68.5,-7.5,green,0.25,yellow,0.625
554,0.695500123599347,0.899292612006114,-67.5,-7.5,red,1,orange,0.75
555,0.509703351636483,0.741133498452506,-66.5,-7.5,red,1,green,0.375
556,0.346644634041687,0.702906987270493,-65.5,-7.5,green,0.25,green,0.375
557,0.0313764121763614,0.971144231365537,-64.5,-7.5,green,0.25,yellow,0.625
558,0.624856765823246,0.390670832758446,-63.5,-7.5,orange,0.75,green,0.375
559,0.410368564887861,0.544092884727385,-62.5,-7.5,green,0.25,green,0.375
560,0.500311401536577,0.628736784119226,-61.5,-7.5,red,1,green,0.375
561,0.578212372078905,0.513094516134544,-60.5,-7.5,red,1,green,0.375
562,0.458448549969467,0.881315376790701,-59.5,-7.5,green,0.25,orange,0.75
563,0.292929375804188,0.838075170884256,-58.5,-7.5,green,0.25,orange,0.75
564,0.628350220864483,0.37433632698375,-57.5,-7.5,orange,0.75,green,0.375
565,0.374130671420122,0.434337960284318,-56.5,-7.5,blue,0,green,0.375
566,0.0479914777016988,0.440766420044417,-55.5,-7.5,blue,0,cyan,0.125
567,0.438442617109714,0.780700197579454,-54.5,-7.5,green,0.25,orange,0.75
568,0.224732587983217,0.835783236878982,-53.5,-7.5,green,0.25,yellow,0.625
569,0.47830633248354,0.825394549632446,-52.5,-7.5,green,0.25,orange,0.75
570,0.796035107415313,0.968834745005825,-51.5,-7.5,red,1,red,1
571,0.864446767258879,0.773221471890868,-50.5,-7.5,red,1,red,1
572,0.250638546369073,0.81606651055736,-49.5,-7.5,green,0.25,orange,0.75
573,0.405249408993531,0.681035932455216,-48.5,-7.5,green,0.25,green,0.375
574,0.445433828611101,0.471690540465147,-47.5,-7.5,blue,0,green,0.375
575,0.574791907095516,0.936953679723511,-46.5,-7.5,red,1,orange,0.75
576,0.677743598298097,0.637922702790708,-45.5,-7.5,red,1,green,0.375
577,0.855220826545999,0.995268722400465,-44.5,-7.5,red,1,red,1
578,0.741932842019431,0.453019671500668,-43.5,-7.5,orange,0.75,green,0.375
579,0.381160691011504,0.727533288204167,-42.5,-7.5,green,0.25,green,0.375
580,0.290648189964724,0.781727290021644,-41.5,-7.5,green,0.25,orange,0.75
581,0.187994950340598,0.753434139427305,-40.5,-7.5,green,0.25,yellow,0.625
582,0.565602866138702,0.627354555846494,-39.5,-7.5,red,1,green,0.375
583,0.402463540691629,0.777627074368053,-38.5,-7.5,green,0.25,orange,0.75
584,0.900428134181926,0.694476121546506,-37.5,-7.5,red,1,dark green,0.875
585,0.261515301332591,0.752459292271575,-36.5,-7.5,green,0.25,orange,0.75
586,0.491850927843005,0.710003727959312,-35.5,-7.5,green,0.25,green,0.375
591,0.266209926083463,0.814519027618544,-72.5,-8.5,green,0.25,orange,0.75
592,0.538863632204084,0.434753894319082,-71.5,-8.5,orange,0.75,green,0.375
593,0.465484797478007,0.917375857519759,-70.5,-8.5,green,0.25,orange,0.75
594,0.305900835581527,0.380769923007364,-69.5,-8.5,blue,0,green,0.375
595,0.153410594741016,0.554872778954292,-68.5,-8.5,green,0.25,cyan,0.125
596,0.501546987559427,0.701089597704564,-67.5,-8.5,red,1,green,0.375
597,0.765093379351418,0.767613471250121,-66.5,-8.5,red,1,red,1
598,0.440057712965293,0.925346704116797,-65.5,-8.5,green,0.25,orange,0.75
599,0.629100637132553,0.896489163370292,-64.5,-8.5,red,1,orange,0.75
600,0.217043126807857,0.690398375464435,-63.5,-8.5,green,0.25,cyan,0.125
601,0.290661990554623,0.952132950722784,-62.5,-8.5,green,0.25,orange,0.75
602,0.578009113280645,0.524494883495827,-61.5,-8.5,red,1,green,0.375
603,0.303033497273755,0.739938176164863,-60.5,-8.5,green,0.25,green,0.375
604,0.286559712116136,0.905756815317875,-59.5,-8.5,green,0.25,orange,0.75
605,0.341751769485141,0.660768773369037,-58.5,-8.5,green,0.25,green,0.375
606,0.847271189649928,0.436792313606451,-57.5,-8.5,orange,0.75,dark green,0.875
607,0.0212576729700856,0.62465538434647,-56.5,-8.5,green,0.25,cyan,0.125
608,0.627230547364567,0.286166778591781,-55.5,-8.5,orange,0.75,green,0.375
609,0.0847599467474708,0.787899634958992,-54.5,-8.5,green,0.25,yellow,0.625
610,0.362500558636872,0.355624704238065,-53.5,-8.5,blue,0,green,0.375
611,0.54851444333962,0.845106242691376,-52.5,-8.5,red,1,orange,0.75
612,0.530450745172046,0.612022963056359,-51.5,-8.5,red,1,green,0.375
613,0.543734156926938,0.617703796597287,-50.5,-8.5,red,1,green,0.375
614,0.238523542576626,0.746234581468139,-49.5,-8.5,green,0.25,cyan,0.125
615,0.644036714227658,0.750911313721585,-48.5,-8.5,red,1,orange,0.75
616,0.113487497866847,0.433915824799798,-47.5,-8.5,blue,0,cyan,0.125
617,0.31906065020775,0.911023519699789,-46.5,-8.5,green,0.25,orange,0.75
618,0.529319287943933,0.775347735846515,-45.5,-8.5,red,1,orange,0.75
619,0.904713726225945,0.976490410259098,-44.5,-8.5,red,1,red,1
620,0.164805283142883,0.719628917256014,-43.5,-8.5,green,0.25,cyan,0.125
621,0.266528333354528,0.836949458064167,-42.5,-8.5,green,0.25,orange,0.75
622,0.681443112327813,0.630377673208121,-41.5,-8.5,red,1,green,0.375
623,0.640432191120667,0.741923244364754,-40.5,-8.5,red,1,green,0.375
624,0.826279489740639,0.673053970691691,-39.5,-8.5,red,1,dark green,0.875
625,0.458324225210944,0.767787312503691,-38.5,-8.5,green,0.25,orange,0.75
626,0.653203594389339,0.913613288926197,-37.5,-8.5,red,1,orange,0.75
627,0.711893516622021,0.864346760335408,-36.5,-8.5,red,1,orange,0.75
628,0.686356265953165,0.688384969331329,-35.5,-8.5,red,1,green,0.375
634,0.542356560785369,0.339804756003163,-71.5,-9.5,orange,0.75,green,0.375
635,0.663125728340172,0.770531014230781,-70.5,-9.5,red,1,orange,0.75
636,0.390806643860355,0.724148526608291,-69.5,-9.5,green,0.25,green,0.375
637,0.253838631282252,0.529049347976778,-68.5,-9.5,green,0.25,green,0.375
638,0.608396449544386,0.348119957444308,-67.5,-9.5,orange,0.75,green,0.375
639,0.607369699596146,0.422384372359672,-66.5,-9.5,orange,0.75,green,0.375
640,0.18381301382242,0.418662884328502,-65.5,-9.5,blue,0,cyan,0.125
641,0.100885333859133,0.767810814465793,-64.5,-9.5,green,0.25,yellow,0.625
642,0.274299480906913,0.396356258478982,-63.5,-9.5,blue,0,green,0.375
643,0.317906697419069,0.895377987526844,-62.5,-9.5,green,0.25,orange,0.75
644,0.93801342590835,0.810445593070545,-61.5,-9.5,red,1,red,1
645,0.574200155859392,0.775356825800515,-60.5,-9.5,red,1,orange,0.75
646,0.0471122878765009,0.623029689804457,-59.5,-9.5,green,0.25,cyan,0.125
647,0.825595936631001,0.713369113675826,-58.5,-9.5,red,1,dark green,0.875
648,0.241542263050603,0.927725946157953,-57.5,-9.5,green,0.25,yellow,0.625
649,0.469801899118751,0.873859116672007,-56.5,-9.5,green,0.25,orange,0.75
650,0.581429592978829,0.834701539244778,-55.5,-9.5,red,1,orange,0.75
651,0.615522802102675,0.888256222786972,-54.5,-9.5,red,1,orange,0.75
652,0.732585226778187,0.928990998287474,-53.5,-9.5,red,1,orange,0.75
653,0.402246126237738,0.874594189862249,-52.5,-9.5,green,0.25,orange,0.75
654,0.763353234182435,0.594562174544238,-51.5,-9.5,red,1,dark green,0.875
655,0.494509708631753,0.642519671104545,-50.5,-9.5,green,0.25,green,0.375
656,0.542034860241962,0.557473478117315,-49.5,-9.5,red,1,green,0.375
657,0.737095428159284,0.547195197070406,-48.5,-9.5,red,1,green,0.375
658,0.752864894165051,0.740536184389766,-47.5,-9.5,red,1,dark green,0.875
659,0.942245296212998,0.947882272663188,-46.5,-9.5,red,1,red,1
660,0.412645420438209,0.915121424861018,-45.5,-9.5,green,0.25,orange,0.75
661,0.671298305222511,0.643894423477245,-44.5,-9.5,red,1,green,0.375
662,0.238775835434544,0.890210142935,-43.5,-9.5,green,0.25,yellow,0.625
663,0.269329722061085,0.414830753816262,-42.5,-9.5,blue,0,green,0.375
664,0.600960229522968,0.735879402120472,-41.5,-9.5,red,1,green,0.375
665,0.438902979841509,0.865374426999788,-40.5,-9.5,green,0.25,orange,0.75
666,0.319884878834604,0.857264066724517,-39.5,-9.5,green,0.25,orange,0.75
667,0.189908880710809,0.614220656634216,-38.5,-9.5,green,0.25,cyan,0.125
668,0.676936169962668,0.580326730968861,-37.5,-9.5,red,1,green,0.375
669,0.192252832820416,0.939912307165336,-36.5,-9.5,green,0.25,yellow,0.625
677,0.173612672766629,0.908395160336222,-70.5,-10.5,green,0.25,yellow,0.625
678,0.722712346003946,0.640119067297244,-69.5,-10.5,red,1,green,0.375
679,0.309825025346667,0.585299162253194,-68.5,-10.5,green,0.25,green,0.375
683,0.780021497369214,0.41761496933393,-64.5,-10.5,orange,0.75,dark green,0.875
684,0.29151674113743,0.926035682682014,-63.5,-10.5,green,0.25,orange,0.75
685,0.306139092037993,0.735965020084572,-62.5,-10.5,green,0.25,green,0.375
686,0.175572025119149,0.609555743599341,-61.5,-10.5,green,0.25,cyan,0.125
687,0.790935899911539,0.90164144253087,-60.5,-10.5,red,1,red,1
688,0.559674978989232,0.854241645986639,-59.5,-10.5,red,1,orange,0.75
689,0.280210201608581,0.638875874493538,-58.5,-10.5,green,0.25,green,0.375
690,0.775178431457944,0.904527344108052,-57.5,-10.5,red,1,red,1
691,0.536627363338834,0.818722692180785,-56.5,-10.5,red,1,orange,0.75
692,0.55608731323176,0.598830158451569,-55.5,-10.5,red,1,green,0.375
693,0.348573682120092,0.638062224435911,-54.5,-10.5,green,0.25,green,0.375
694,0.591784385460566,0.822148161673445,-53.5,-10.5,red,1,orange,0.75
695,0.264260767630023,0.553845237878716,-52.5,-10.5,green,0.25,green,0.375
696,0.375261705867612,0.902243623170763,-51.5,-10.5,green,0.25,orange,0.75
697,0.906975997391025,0.339917362796669,-50.5,-10.5,orange,0.75,dark green,0.875
698,0.585812200465319,0.642380095005798,-49.5,-10.5,red,1,green,0.375
699,0.282224354114294,0.676983547195425,-48.5,-10.5,green,0.25,green,0.375
700,0.606017069525812,0.610307197163933,-47.5,-10.5,red,1,green,0.375
701,0.355169510093544,0.81226915186332,-46.5,-10.5,green,0.25,orange,0.75
702,0.517564687274329,0.625309426463572,-45.5,-10.5,red,1,green,0.375
703,0.32600728323535,0.547455258100129,-44.5,-10.5,green,0.25,green,0.375
704,0.731138133019474,0.955327674920973,-43.5,-10.5,red,1,orange,0.75
705,0.216892382644257,0.768070796404187,-42.5,-10.5,green,0.25,yellow,0.625
706,0.284930156328977,0.659701442547803,-41.5,-10.5,green,0.25,green,0.375
707,0.350746396420448,0.527607848393973,-40.5,-10.5,green,0.25,green,0.375
708,0.308042160892162,0.428482817632536,-39.5,-10.5,blue,0,green,0.375
709,0.309737865790311,0.904447127334836,-38.5,-10.5,green,0.25,orange,0.75
710,0.556359249727174,0.615437172252935,-37.5,-10.5,red,1,green,0.375
711,0.7825499271026,0.666116690892151,-36.5,-10.5,red,1,dark green,0.875
725,0.934910491926089,0.914394884437989,-64.5,-11.5,red,1,red,1
726,0.607363303406939,0.738683360691209,-63.5,-11.5,red,1,green,0.375
727,0.716732142278425,0.915144454114443,-62.5,-11.5,red,1,orange,0.75
728,0.271476438285529,0.811406971440006,-61.5,-11.5,green,0.25,orange,0.75
729,0.60909986201506,0.582508208618099,-60.5,-11.5,red,1,green,0.375
730,0.393985716206312,0.689883273125915,-59.5,-11.5,green,0.25,green,0.375
731,0.557270123535833,0.653728066949054,-58.5,-11.5,red,1,green,0.375
732,0.117721035252975,0.600205454741605,-57.5,-11.5,green,0.25,cyan,0.125
733,0.335776533356887,0.799021715333431,-56.5,-11.5,green,0.25,orange,0.75
734,0.495052334555415,0.801237502485007,-55.5,-11.5,green,0.25,orange,0.75
735,0.444669225022411,0.912425714211994,-54.5,-11.5,green,0.25,orange,0.75
736,0.53350062843673,0.454441070650141,-53.5,-11.5,orange,0.75,green,0.375
737,0.414881973559942,0.43414301161294,-52.5,-11.5,blue,0,green,0.375
738,0.572074629688524,0.740879707888491,-51.5,-11.5,red,1,green,0.375
739,0.816325684298273,0.847602962919779,-50.5,-11.5,red,1,red,1
740,0.796541439474084,0.79596338614549,-49.5,-11.5,red,1,red,1
741,0.237582152064088,0.856384511635086,-48.5,-11.5,green,0.25,yellow,0.625
742,0.32512786847004,0.874819323704281,-47.5,-11.5,green,0.25,orange,0.75
743,0.667543600469466,0.586339828830958,-46.5,-11.5,red,1,green,0.375
744,0.222465283300725,0.706174831023266,-45.5,-11.5,green,0.25,cyan,0.125
745,0.61716522253078,0.821297598168297,-44.5,-11.5,red,1,orange,0.75
746,0.482032303176529,0.88462014414969,-43.5,-11.5,green,0.25,orange,0.75
747,0.741372998367665,0.732659371196787,-42.5,-11.5,red,1,green,0.375
748,0.191572346615894,0.670097768208286,-41.5,-11.5,green,0.25,cyan,0.125
749,0.253954327228854,0.874945580351116,-40.5,-11.5,green,0.25,orange,0.75
750,0.505354521224244,0.453437690099126,-39.5,-11.5,orange,0.75,green,0.375
751,0.87555103195721,0.792327055512636,-38.5,-11.5,red,1,red,1
752,0.630441174248706,0.661391035726938,-37.5,-11.5,red,1,green,0.375
768,0.253627482199194,0.779971370077386,-63.5,-12.5,green,0.25,orange,0.75
769,0.268008490167262,0.759310234691288,-62.5,-12.5,green,0.25,orange,0.75
770,0.436411415883752,0.594328035342014,-61.5,-12.5,green,0.25,green,0.375
771,0.324834023269503,0.840120928298888,-60.5,-12.5,green,0.25,orange,0.75
772,0.732498401476081,0.675609162423365,-59.5,-12.5,red,1,green,0.375
773,0.158888740392886,0.750230510632471,-58.5,-12.5,green,0.25,yellow,0.625
774,0.23573976498327,0.677510895817221,-57.5,-12.5,green,0.25,cyan,0.125
775,0.18468049362394,0.786682816560333,-56.5,-12.5,green,0.25,yellow,0.625
776,0.743387709286146,0.724525560303896,-55.5,-12.5,red,1,green,0.375
777,0.368677208160193,0.648218452108075,-54.5,-12.5,green,0.25,green,0.375
778,0.700010064606844,0.69015297080951,-53.5,-12.5,red,1,green,0.375
779,0.413835272416859,0.771717955486598,-52.5,-12.5,green,0.25,orange,0.75
780,0.238309891421567,0.716761373428493,-51.5,-12.5,green,0.25,cyan,0.125
781,0.961166551990173,0.914906426326768,-50.5,-12.5,red,1,red,1
782,0.560961857868114,0.993424489797668,-49.5,-12.5,red,1,orange,0.75
783,0.480822654127483,0.926260335414306,-48.5,-12.5,green,0.25,orange,0.75
784,0.53016916398462,0.744134002071055,-47.5,-12.5,red,1,green,0.375
785,0.125963245696553,0.767500135941732,-46.5,-12.5,green,0.25,yellow,0.625
786,0.730354794805763,0.874965055518787,-45.5,-12.5,red,1,orange,0.75
787,0.625417999208081,0.550904302653949,-44.5,-12.5,red,1,green,0.375
788,0.947282999297139,0.415861461920243,-43.5,-12.5,orange,0.75,dark green,0.875
789,0.649849479823277,0.397130728362746,-42.5,-12.5,orange,0.75,green,0.375
790,0.346368180036618,0.977867495107342,-41.5,-12.5,green,0.25,orange,0.75
791,0.332697800447201,0.879325088620957,-40.5,-12.5,green,0.25,orange,0.75
792,0.208701901621502,0.547442717689684,-39.5,-12.5,green,0.25,cyan,0.125
793,0.318861867881568,0.608732290502662,-38.5,-12.5,green,0.25,green,0.375
812,0.559004558885068,0.736739738541283,-61.5,-13.5,red,1,green,0.375
813,0.380997938924079,0.768523622921641,-60.5,-13.5,green,0.25,orange,0.75
814,0.809247497746173,0.7869246841122,-59.5,-13.5,red,1,red,1
815,0.620529977921908,0.931544263320983,-58.5,-13.5,red,1,orange,0.75
816,0.677198304829828,0.74993939213398,-57.5,-13.5,red,1,green,0.375
817,0.284104135787305,0.824578787787579,-56.5,-13.5,green,0.25,orange,0.75
818,0.385726728382071,0.549819987372143,-55.5,-13.5,green,0.25,green,0.375
819,0.44610190664333,0.908176046047875,-54.5,-13.5,green,0.25,orange,0.75
820,0.436257692615996,0.506541560888432,-53.5,-13.5,green,0.25,green,0.375
821,0.649654727249053,0.737522940667101,-52.5,-13.5,red,1,green,0.375
822,0.449455281226056,0.758525126571105,-51.5,-13.5,green,0.25,orange,0.75
823,0.771982885171917,0.821321292169177,-50.5,-13.5,red,1,red,1
824,0.456609736256968,0.713731588584152,-49.5,-13.5,green,0.25,green,0.375
825,0.51398251138033,0.900366077659592,-48.5,-13.5,red,1,orange,0.75
826,0.577811083340883,0.516320682414472,-47.5,-13.5,red,1,green,0.375
827,0.384527940117962,0.732140053400402,-46.5,-13.5,green,0.25,green,0.375
828,0.305966008529518,0.631446840924916,-45.5,-13.5,green,0.25,green,0.375
829,0.206163164222948,0.812635280450998,-44.5,-13.5,green,0.25,yellow,0.625
830,0.401455077474559,0.75874012318596,-43.5,-13.5,green,0.25,orange,0.75
831,0.210818282927796,0.621088634923456,-42.5,-13.5,green,0.25,cyan,0.125
832,0.623171053395302,0.65234511635614,-41.5,-13.5,red,1,green,0.375
833,0.267333930476751,0.716269631615135,-40.5,-13.5,green,0.25,green,0.375
834,0.762306978633454,0.557175810151461,-39.5,-13.5,red,1,dark green,0.875
856,0.561095123190319,0.748822667998423,-59.5,-14.5,red,1,green,0.375
857,0.203690712788115,0.713077622143357,-58.5,-14.5,green,0.25,cyan,0.125
858,0.182367666092963,0.815005525506789,-57.5,-14.5,green,0.25,yellow,0.625
859,0.383157228297647,0.671823513356314,-56.5,-14.5,green,0.25,green,0.375
860,0.231225317467685,0.942269783210341,-55.5,-14.5,green,0.25,yellow,0.625
861,0.415001020624131,0.879985523006725,-54.5,-14.5,green,0.25,orange,0.75
862,0.459225989961974,0.661950394733416,-53.5,-14.5,green,0.25,green,0.375
863,0.0966741540629117,0.970490126351178,-52.5,-14.5,green,0.25,yellow,0.625
864,0.362552954125885,0.902422708707699,-51.5,-14.5,green,0.25,orange,0.75
865,0.323362467621022,0.609929829081533,-50.5,-14.5,green,0.25,green,0.375
866,0.610048508695729,0.801097888423075,-49.5,-14.5,red,1,orange,0.75
867,0.585828673494027,0.47499111307917,-48.5,-14.5,orange,0.75,green,0.375
868,0.617972207287682,0.784401108065448,-47.5,-14.5,red,1,orange,0.75
869,0.607689944713695,0.648044994059677,-46.5,-14.5,red,1,green,0.375
870,0.547392197335797,0.900504317343482,-45.5,-14.5,red,1,orange,0.75
871,0.406305923538319,0.743450715842684,-44.5,-14.5,green,0.25,green,0.375
872,0.240578562976332,0.68987884215935,-43.5,-14.5,green,0.25,cyan,0.125
873,0.762525025504037,0.957670345935014,-42.5,-14.5,red,1,red,1
874,0.0943587915453,0.808873253281214,-41.5,-14.5,green,0.25,yellow,0.625
875,0.431831982239944,0.678467829346148,-40.5,-14.5,green,0.25,green,0.375
876,0.389630678882995,0.870209984150611,-39.5,-14.5,green,0.25,orange,0.75
898,0.604690587834023,0.647050451414123,-59.5,-15.5,red,1,green,0.375
899,0.180627568226095,0.666485465030099,-58.5,-15.5,green,0.25,cyan,0.125
900,0.0438460815707091,0.805604679386629,-57.5,-15.5,green,0.25,yellow,0.625
901,0.839652194200647,0.748579094347219,-56.5,-15.5,red,1,dark green,0.875
902,0.571035066269856,0.583930725989648,-55.5,-15.5,red,1,green,0.375
903,0.319048775396958,0.663590141829677,-54.5,-15.5,green,0.25,green,0.375
904,0.175772820697849,0.936866433365082,-53.5,-15.5,green,0.25,yellow,0.625
905,0.543734836960016,0.80573828745847,-52.5,-15.5,red,1,orange,0.75
906,0.552057616362076,0.963487610154784,-51.5,-15.5,red,1,orange,0.75
907,0.807533727059787,0.934643756766105,-50.5,-15.5,red,1,red,1
908,0.58270168734789,0.569699510827749,-49.5,-15.5,red,1,green,0.375
909,0.907470136572997,0.616455667122106,-48.5,-15.5,red,1,dark green,0.875
910,0.753177723658011,0.89467699088354,-47.5,-15.5,red,1,red,1
911,0.146805628874977,0.705926160354648,-46.5,-15.5,green,0.25,cyan,0.125
912,0.602828650793297,0.82246036288744,-45.5,-15.5,red,1,orange,0.75
913,0.728694478443634,0.896922088422249,-44.5,-15.5,red,1,orange,0.75
914,0.425403169030992,0.516964207056841,-43.5,-15.5,green,0.25,green,0.375
915,0.356626989650155,0.516472089227244,-42.5,-15.5,green,0.25,green,0.375
916,0.886423286197809,0.711396024443379,-41.5,-15.5,red,1,dark green,0.875
917,0.290035786567588,0.535428376650628,-40.5,-15.5,green,0.25,green,0.375
918,0.748251033910741,0.837618867054599,-39.5,-15.5,red,1,orange,0.75
942,0.781439253011279,0.309860257402752,-57.5,-16.5,orange,0.75,dark green,0.875
943,0.927960609562299,0.258098766714692,-56.5,-16.5,orange,0.75,dark green,0.875
944,0.730175424710528,0.831322850881435,-55.5,-16.5,red,1,orange,0.75
945,0.719235577893298,0.812571876730966,-54.5,-16.5,red,1,orange,0.75
946,0.821705100045292,0.533315879062817,-53.5,-16.5,red,1,dark green,0.875
947,0.41619390113781,0.658435186244382,-52.5,-16.5,green,0.25,green,0.375
948,0.494026447109083,0.895684850735707,-51.5,-16.5,green,0.25,orange,0.75
949,0.519637425855929,0.792999999751271,-50.5,-16.5,red,1,orange,0.75
950,0.0534724046974953,0.906372685464022,-49.5,-16.5,green,0.25,yellow,0.625
951,0.211421983481678,0.570796170332994,-48.5,-16.5,green,0.25,cyan,0.125
952,0.833678353223423,0.546385230939873,-47.5,-16.5,red,1,dark green,0.875
953,0.885104948091145,0.438581308796336,-46.5,-16.5,orange,0.75,dark green,0.875
954,0.287902534194138,0.50767958492798,-45.5,-16.5,green,0.25,green,0.375
955,0.707113937055339,0.904090103921994,-44.5,-16.5,red,1,orange,0.75
956,0.756935213500961,0.410326873282131,-43.5,-16.5,orange,0.75,dark green,0.875
957,0.228399032986657,0.842784472846469,-42.5,-16.5,green,0.25,yellow,0.625
958,0.0747420370683743,0.699448623379698,-41.5,-16.5,green,0.25,cyan,0.125
959,0.220831388768848,0.566095982888713,-40.5,-16.5,green,0.25,cyan,0.125
960,0.697758680010591,0.958455578394154,-39.5,-16.5,red,1,orange,0.75
984,0.442177946798476,0.571316672286697,-57.5,-17.5,green,0.25,green,0.375
985,0.35850628713168,0.850874911445909,-56.5,-17.5,green,0.25,orange,0.75
986,0.340519361020508,0.7093761218262,-55.5,-17.5,green,0.25,green,0.375
987,0.22747042659355,0.868383421895835,-54.5,-17.5,green,0.25,yellow,0.625
988,0.714779748189597,0.810590114759447,-53.5,-17.5,red,1,orange,0.75
989,0.390381753576573,0.924136029470295,-52.5,-17.5,green,0.25,orange,0.75
990,0.815830211807279,0.759642522924887,-51.5,-17.5,red,1,red,1
991,0.197047066166796,0.629717054304412,-50.5,-17.5,green,0.25,cyan,0.125
992,0.506573454675836,0.611877639733892,-49.5,-17.5,red,1,green,0.375
993,0.539919113843371,0.475538275858493,-48.5,-17.5,orange,0.75,green,0.375
994,0.543358273697345,0.69543397488245,-47.5,-17.5,red,1,green,0.375
995,0.587162467250436,0.950672174857287,-46.5,-17.5,red,1,orange,0.75
996,0.454167804399654,0.826266945257182,-45.5,-17.5,green,0.25,orange,0.75
997,0.539589483429102,0.306298050173114,-44.5,-17.5,orange,0.75,green,0.375
998,0.744984778462901,0.623692043640188,-43.5,-17.5,red,1,green,0.375
999,0.218854695891303,0.617171827482432,-42.5,-17.5,green,0.25,cyan,0.125
1000,0.446215819057142,0.731911729901983,-41.5,-17.5,green,0.25,green,0.375
1001,0.78061001530485,0.748283546368592,-40.5,-17.5,red,1,dark green,0.875
1002,0.634537527179536,0.49243061252155,-39.5,-17.5,orange,0.75,green,0.375
1026,0.367078980794196,0.890851962194035,-57.5,-18.5,green,0.25,orange,0.75
1027,0.58832888149913,0.791379532642883,-56.5,-18.5,red,1,orange,0.75
1028,0.245325100496376,0.709415047249001,-55.5,-18.5,green,0.25,cyan,0.125
1029,0.313975887217099,0.51344189767656,-54.5,-18.5,green,0.25,green,0.375
1030,0.337723384543486,0.821292552010291,-53.5,-18.5,green,0.25,orange,0.75
1031,0.398986587093793,0.793147108409285,-52.5,-18.5,green,0.25,orange,0.75
1032,0.406756414692411,0.68989954780173,-51.5,-18.5,green,0.25,green,0.375
1033,0.246058105179821,0.762624857091299,-50.5,-18.5,green,0.25,yellow,0.625
1034,0.949252299908576,0.682281353494105,-49.5,-18.5,red,1,dark green,0.875
1035,0.371747053642595,0.525979693938493,-48.5,-18.5,green,0.25,green,0.375
1036,0.304037569698991,0.900286784883725,-47.5,-18.5,green,0.25,orange,0.75
1037,0.062141095954932,0.894838870567137,-46.5,-18.5,green,0.25,yellow,0.625
1038,0.808654880663542,0.298645377347014,-45.5,-18.5,orange,0.75,dark green,0.875
1039,0.173080107376222,0.508622559923747,-44.5,-18.5,green,0.25,cyan,0.125
1040,0.573298340540129,0.626441677483459,-43.5,-18.5,red,1,green,0.375
1041,0.381744041473994,0.978722029712051,-42.5,-18.5,green,0.25,orange,0.75
1042,0.328442970112922,0.724621370437535,-41.5,-18.5,green,0.25,green,0.375
1043,0.371372204806927,0.731552065824727,-40.5,-18.5,green,0.25,green,0.375
1068,0.902910428084544,0.635650733764985,-57.5,-19.5,red,1,dark green,0.875
1069,0.383857976946517,0.910586574045987,-56.5,-19.5,green,0.25,orange,0.75
1070,0.666220505229519,0.757807845138029,-55.5,-19.5,red,1,orange,0.75
1071,0.455426999627631,0.640911577725875,-54.5,-19.5,green,0.25,green,0.375
1072,0.554949515676899,0.410567112732637,-53.5,-19.5,orange,0.75,green,0.375
1073,0.54752264707065,0.621988413493234,-52.5,-19.5,red,1,green,0.375
1074,0.475178440641242,0.777668270791064,-51.5,-19.5,green,0.25,orange,0.75
1075,0.556947748620413,0.824502903197096,-50.5,-19.5,red,1,orange,0.75
1076,0.808887398429629,0.565166686743772,-49.5,-19.5,red,1,dark green,0.875
1077,0.385783016732433,0.836803824256718,-48.5,-19.5,green,0.25,orange,0.75
1078,0.852699394809798,0.590145246271493,-47.5,-19.5,red,1,dark green,0.875
1079,0.70167780152136,0.931463650226515,-46.5,-19.5,red,1,orange,0.75
1080,0.887816043259704,0.727012213537599,-45.5,-19.5,red,1,dark green,0.875
1081,0.136896068366187,0.620363506020101,-44.5,-19.5,green,0.25,cyan,0.125
1082,0.299679458180202,0.720506500085244,-43.5,-19.5,green,0.25,green,0.375
1083,0.405697363478194,0.960112666825109,-42.5,-19.5,green,0.25,orange,0.75
1084,0.706159714661526,0.830596288081062,-41.5,-19.5,red,1,orange,0.75
1085,0.622763374073287,0.830317514658698,-40.5,-19.5,red,1,orange,0.75
1110,0.877247888889614,0.861790873713235,-57.5,-20.5,red,1,red,1
1111,0.603316587578145,0.868783137373145,-56.5,-20.5,red,1,orange,0.75
1112,0.20868487649715,0.797875973651192,-55.5,-20.5,green,0.25,yellow,0.625
1113,0.408850334459423,0.548839621645624,-54.5,-20.5,green,0.25,green,0.375
1114,0.393010046596457,0.896473424264645,-53.5,-20.5,green,0.25,orange,0.75
1115,0.573163417920961,0.64373815776221,-52.5,-20.5,red,1,green,0.375
1116,0.803468537595848,0.833053017033175,-51.5,-20.5,red,1,red,1
1117,0.556609775828966,0.652977566621206,-50.5,-20.5,red,1,green,0.375
1118,0.777737862642927,0.399002103740414,-49.5,-20.5,orange,0.75,dark green,0.875
1119,0.315020525690497,0.573358989956007,-48.5,-20.5,green,0.25,green,0.375
1120,0.455625323856631,0.773135356892886,-47.5,-20.5,green,0.25,orange,0.75
1121,0.847102241652769,0.425292983850032,-46.5,-20.5,orange,0.75,dark green,0.875
1122,0.706369683702436,0.749854960277166,-45.5,-20.5,red,1,green,0.375
1123,0.544486982412286,0.634888502734564,-44.5,-20.5,red,1,green,0.375
1124,0.717260598186575,0.757660809533678,-43.5,-20.5,red,1,orange,0.75
1125,0.363062959994921,0.51286074625834,-42.5,-20.5,green,0.25,green,0.375
1126,0.393891831228968,0.545502727378862,-41.5,-20.5,green,0.25,green,0.375
1127,0.328999807013196,0.96961660622268,-40.5,-20.5,green,0.25,orange,0.75
1152,0.725050009982465,0.658794852800427,-57.5,-21.5,red,1,green,0.375
1153,0.313958188361248,0.88205896074731,-56.5,-21.5,green,0.25,orange,0.75
1154,0.587104885325172,0.56442145202046,-55.5,-21.5,red,1,green,0.375
1155,0.560903826920686,0.40278687425093,-54.5,-21.5,orange,0.75,green,0.375
1156,0.284080224168078,0.880435158530679,-53.5,-21.5,green,0.25,orange,0.75
1157,0.0584268534801221,0.645525883208073,-52.5,-21.5,green,0.25,cyan,0.125
1158,0.737768499019535,0.586248085735636,-51.5,-21.5,red,1,green,0.375
1159,0.712493966236188,0.679663000652147,-50.5,-21.5,red,1,green,0.375
1160,0.561562853948167,0.713859295101693,-49.5,-21.5,red,1,green,0.375
1161,0.345023499716064,0.453999536720017,-48.5,-21.5,blue,0,green,0.375
1162,0.828401673492417,0.798595229474611,-47.5,-21.5,red,1,red,1
1163,0.352125256002807,0.901652287367369,-46.5,-21.5,green,0.25,orange,0.75
1164,0.525478866061762,0.509348283393619,-45.5,-21.5,red,1,green,0.375
1165,0.390159448584935,0.920563461109769,-44.5,-21.5,green,0.25,orange,0.75
1166,0.427243688641483,0.564504570343911,-43.5,-21.5,green,0.25,green,0.375
1167,0.460861286592359,0.804998381913882,-42.5,-21.5,green,0.25,orange,0.75
1168,0.964911414093461,0.755257949385324,-41.5,-21.5,red,1,red,1
1196,0.475557965136109,0.466659233174865,-55.5,-22.5,blue,0,green,0.375
1197,0.58234079721433,0.757127020579235,-54.5,-22.5,red,1,orange,0.75
1198,0.432391512015865,0.595297154061026,-53.5,-22.5,green,0.25,green,0.375
1199,0.336878369240175,0.856218315433544,-52.5,-22.5,green,0.25,orange,0.75
1200,0.532738888161461,0.463186571116955,-51.5,-22.5,orange,0.75,green,0.375
1201,0.281836555765218,0.671963678955399,-50.5,-22.5,green,0.25,green,0.375
1202,0.883309253287834,0.47863251923023,-49.5,-22.5,orange,0.75,dark green,0.875
1203,0.545088795560117,0.894707666674897,-48.5,-22.5,red,1,orange,0.75
1204,0.879580728029225,0.703057641197742,-47.5,-22.5,red,1,dark green,0.875
1205,0.466910941747946,0.561884895536167,-46.5,-22.5,green,0.25,green,0.375
1206,0.428673216883955,0.665621770418687,-45.5,-22.5,green,0.25,green,0.375
1207,0.978411874228558,0.630589097828,-44.5,-22.5,red,1,dark green,0.875
1208,0.763818978470785,0.949490311672803,-43.5,-22.5,red,1,red,1
1209,0.484457409730186,0.7405579539352,-42.5,-22.5,green,0.25,green,0.375
1238,0.690169365932456,0.830678632798202,-55.5,-23.5,red,1,orange,0.75
1239,0.547554454142592,0.397770331713331,-54.5,-23.5,orange,0.75,green,0.375
1240,0.587127243306999,0.699615133003384,-53.5,-23.5,red,1,green,0.375
1241,0.539200193652108,0.991939575061562,-52.5,-23.5,red,1,orange,0.75
1242,0.438515604920632,0.576260390161996,-51.5,-23.5,green,0.25,green,0.375
1243,0.447919541824016,0.687680521100914,-50.5,-23.5,green,0.25,green,0.375
1244,0.348199755176601,0.936910256920082,-49.5,-23.5,green,0.25,orange,0.75
1245,0.564954936415941,0.650006120904912,-48.5,-23.5,red,1,green,0.375
1246,0.379065041328623,0.667737397286164,-47.5,-23.5,green,0.25,green,0.375
1247,0.582976270740844,0.788432665555037,-46.5,-23.5,red,1,orange,0.75
1248,0.0856124027024964,0.777106182211039,-45.5,-23.5,green,0.25,yellow,0.625
1282,0.740532415101718,0.380221327462264,-53.5,-24.5,orange,0.75,green,0.375
1283,0.92243897896426,0.574096474365543,-52.5,-24.5,red,1,dark green,0.875
1284,0.308010855765241,0.601626418312297,-51.5,-24.5,green,0.25,green,0.375
1285,0.675526994783034,0.475733344116227,-50.5,-24.5,orange,0.75,green,0.375
1286,0.706940022686465,0.673382013723913,-49.5,-24.5,red,1,green,0.375
1287,0.782779232562269,0.59819533074952,-48.5,-24.5,red,1,dark green,0.875
1288,0.601247082482924,0.908429221982803,-47.5,-24.5,red,1,orange,0.75
1323,0.559013188901809,0.901842210108948,-54.5,-25.5,red,1,orange,0.75
1324,0.600574162658243,0.682105690689196,-53.5,-25.5,red,1,green,0.375
1325,0.796511113452988,0.860378583540324,-52.5,-25.5,red,1,red,1
1326,0.416847032934415,0.718754315594815,-51.5,-25.5,green,0.25,green,0.375
1327,0.36321758030586,0.907528783129631,-50.5,-25.5,green,0.25,orange,0.75
1328,0.228493987085392,0.540887669589703,-49.5,-25.5,green,0.25,cyan,0.125
1366,0.554015987973523,0.541316562680164,-53.5,-26.5,red,1,green,0.375
1367,0.498652522642933,0.678988400257573,-52.5,-26.5,green,0.25,green,0.375
1368,0.6719519013619,0.751633988764759,-51.5,-26.5,red,1,orange,0.75
1369,0.624131265262595,0.790681777309002,-50.5,-26.5,red,1,orange,0.75
1370,0.537295689775919,0.374650161399638,-49.5,-26.5,orange,0.75,green,0.375
1407,0.804140808986175,0.878977633486426,-54.5,-27.5,red,1,red,1
1408,0.445104862371242,0.736182297726155,-53.5,-27.5,green,0.25,green,0.375
1409,0.539677880950823,0.841658883003983,-52.5,-27.5,red,1,orange,0.75
1410,0.769870875215739,0.903832444418354,-51.5,-27.5,red,1,red,1
1411,0.766690652471136,0.945014160853626,-50.5,-27.5,red,1,red,1
1412,0.595964117678194,0.435451506854256,-49.5,-27.5,orange,0.75,green,0.375
1413,0.525427523055841,0.913274454869111,-48.5,-27.5,red,1,orange,0.75
1448,0.390708901538415,0.893909768248413,-55.5,-28.5,green,0.25,orange,0.75
1449,0.252956042683911,0.556980239434874,-54.5,-28.5,green,0.25,green,0.375
1450,0.632916643425699,0.720260804815423,-53.5,-28.5,red,1,green,0.375
1451,0.236560644302643,0.611799222787413,-52.5,-28.5,green,0.25,cyan,0.125
1452,0.712271076319138,0.731096404764324,-51.5,-28.5,red,1,green,0.375
1453,0.905289085993512,0.80788533859012,-50.5,-28.5,red,1,red,1
1454,0.851507568623353,0.757189159826193,-49.5,-28.5,red,1,red,1
1489,0.314850782638512,0.6914940084863,-56.5,-29.5,green,0.25,green,0.375
1490,0.530270080231247,0.91289643024471,-55.5,-29.5,red,1,orange,0.75
1491,0.604173828730683,0.601109728480158,-54.5,-29.5,red,1,green,0.375
1492,0.607892636383501,0.708753663515305,-53.5,-29.5,red,1,green,0.375
1493,0.680023458405734,0.499120162039619,-52.5,-29.5,orange,0.75,green,0.375
1494,0.462748657958532,0.788376309020043,-51.5,-29.5,green,0.25,orange,0.75
1495,0.482564937183654,0.652449214651899,-50.5,-29.5,green,0.25,green,0.375
1532,0.449135827838457,0.414509828184545,-55.5,-30.5,blue,0,green,0.375
1533,0.668252811810661,0.191172861935027,-54.5,-30.5,orange,0.75,cyan4,0.25
1534,0.340216340024771,0.84392097567592,-53.5,-30.5,green,0.25,orange,0.75
1535,0.383531474310994,0.4852459434117,-52.5,-30.5,blue,0,green,0.375
1536,0.0348741016424785,0.914646932159791,-51.5,-30.5,green,0.25,yellow,0.625
1537,0.822636645856424,0.727339334208775,-50.5,-30.5,red,1,dark green,0.875
1575,0.499140487111791,0.953802249825841,-54.5,-31.5,green,0.25,orange,0.75
1576,0.693514474222403,0.828377309051938,-53.5,-31.5,red,1,orange,0.75
1577,0.596097832610069,0.889379479333737,-52.5,-31.5,red,1,orange,0.75
1619,0.41186366073382,0.846428962931788,-52.5,-32.5,green,0.25,orange,0.75
1660,0.24017861554557,0.53010811988738,-53.5,-33.5,green,0.25,cyan,0.125
